name	x	y	z	impedance
Fz	-0.001229271161566281	0.09327445200029715	0.1026392934768164	1.0
Cz	-0.0013741334028190722	0.027617093595102737	0.14019949417439556	2.0
Pz	-0.001709445046746896	-0.045212993324122014	0.12667292418209622	1.0
F3	-0.05180903841183724	0.08668789888287941	0.07871409302883386	2.0
F4	0.050274277731628736	0.08743838910239796	0.07727065434234194	1.0
P3	-0.0550382318026169	-0.044210304662340896	0.09990897692200876	1.0
P4	0.05363601546337514	-0.04433452185507687	0.10051602773215099	1.0
C3	-0.0671487229331174	0.023358230537446293	0.1045106810602483	1.0
C4	0.06532888071838541	0.023573104961569495	0.10369243420047652	2.0
