onset	duration	trial_type	value	sample
25.892	4.0	right_hand	1	12946
50.898	4.0	right_hand	1	25449
75.902	4.0	right_hand	1	37951
100.908	4.0	right_hand	1	50454
125.914	4.0	right_hand	1	62957
150.92	4.0	right_hand	1	75460
175.924	4.0	right_hand	1	87962
200.93	4.0	right_hand	1	100465
225.936	4.0	right_hand	1	112968
250.942	4.0	right_hand	1	125471
275.948	4.0	right_hand	1	137974
300.954	4.0	right_hand	1	150477
325.958	4.0	right_hand	1	162979
350.964	4.0	right_hand	1	175482
375.97	4.0	right_hand	1	187985
400.976	4.0	right_hand	1	200488
425.98	4.0	right_hand	1	212990
450.986	4.0	right_hand	1	225493
475.992	4.0	right_hand	1	237996
500.998	4.0	right_hand	1	250499
526.004	4.0	right_hand	1	263002
551.008	4.0	right_hand	1	275504
576.014	4.0	right_hand	1	288007
