name	type	units	low_cutoff	high_cutoff	description	sampling_frequency	status	status_description
Fz	EEG	µV	0.0	250.0	ElectroEncephaloGram	500.0	good	n/a
Cz	EEG	µV	0.0	250.0	ElectroEncephaloGram	500.0	good	n/a
Pz	EEG	µV	0.0	250.0	ElectroEncephaloGram	500.0	good	n/a
F3	EEG	µV	0.0	250.0	ElectroEncephaloGram	500.0	good	n/a
F4	EEG	µV	0.0	250.0	ElectroEncephaloGram	500.0	good	n/a
P3	EEG	µV	0.0	250.0	ElectroEncephaloGram	500.0	good	n/a
P4	EEG	µV	0.0	250.0	ElectroEncephaloGram	500.0	good	n/a
C3	EEG	µV	0.0	250.0	ElectroEncephaloGram	500.0	good	n/a
C4	EEG	µV	0.0	250.0	ElectroEncephaloGram	500.0	good	n/a
